{"cameraMode":{"drawMode":0,"name":"Shaded","section":"Shading Mode"},"sceneLighting":false,"audioPlay":false,"sceneViewState":{"showFog":true,"showMaterialUpdate":false,"showSkybox":false,"showFlares":true,"showImageEffects":true,"showParticleSystems":true},"in2DMode":false,"pivot":{"x":0.0,"y":1.4900000095367432,"z":21.579999923706056},"rotation":{"x":0.19579076766967774,"y":0.29761821031570437,"z":-0.06251945346593857,"w":0.9323247075080872},"size":3.3445866107940676,"orthographic":false}