{"cameraMode":{"drawMode":0,"name":"Shaded","section":"Shading Mode"},"sceneLighting":false,"audioPlay":false,"sceneViewState":{"showFog":true,"showMaterialUpdate":false,"showSkybox":false,"showFlares":true,"showImageEffects":true,"showParticleSystems":true},"in2DMode":false,"pivot":{"x":0.0,"y":1.7330039739608765,"z":12.460000038146973},"rotation":{"x":-0.31804800033569338,"y":-0.042083561420440677,"z":0.014132619835436345,"w":-0.9470376968383789},"size":2.0552453994750978,"orthographic":false}