{"cameraMode":{"drawMode":0,"name":"Shaded","section":"Shading Mode"},"sceneLighting":false,"audioPlay":false,"sceneViewState":{"showFog":true,"showMaterialUpdate":false,"showSkybox":false,"showFlares":true,"showImageEffects":true,"showParticleSystems":true},"in2DMode":false,"pivot":{"x":0.0559535026550293,"y":1.5643259286880494,"z":11.719256401062012},"rotation":{"x":-0.2531812787055969,"y":-0.06177517771720886,"z":0.016204776242375375,"w":-0.9653185606002808},"size":1.6316792964935303,"orthographic":false}