{"cameraMode":{"drawMode":0,"name":"Shaded","section":"Shading Mode"},"sceneLighting":true,"audioPlay":false,"sceneViewState":{"showFog":true,"showMaterialUpdate":false,"showSkybox":true,"showFlares":true,"showImageEffects":true,"showParticleSystems":true},"in2DMode":false,"pivot":{"x":97.02562713623047,"y":318.2939758300781,"z":316.8975830078125},"rotation":{"x":-0.20701926946640016,"y":0.39370521903038027,"z":-0.09148167818784714,"w":-0.890937864780426},"size":3972.287353515625,"orthographic":false}