{"cameraMode":{"drawMode":0,"name":"Shaded","section":"Shading Mode"},"sceneLighting":false,"audioPlay":false,"sceneViewState":{"showFog":true,"showMaterialUpdate":false,"showSkybox":false,"showFlares":true,"showImageEffects":true,"showParticleSystems":true},"in2DMode":false,"pivot":{"x":1.8490571975708008,"y":1.6069998741149903,"z":24.496761322021486},"rotation":{"x":-0.1316046416759491,"y":0.48695430159568789,"z":-0.07449772953987122,"w":-0.8602362275123596},"size":3.0072269439697267,"orthographic":false}