{"cameraMode":{"drawMode":0,"name":"Shaded","section":"Shading Mode"},"sceneLighting":true,"audioPlay":false,"sceneViewState":{"showFog":true,"showMaterialUpdate":false,"showSkybox":true,"showFlares":true,"showImageEffects":true,"showParticleSystems":true},"in2DMode":false,"pivot":{"x":7.699972152709961,"y":-3.265043020248413,"z":227.17994689941407},"rotation":{"x":-0.25160327553749087,"y":-0.13247856497764588,"z":0.0347924642264843,"w":-0.9580944180488586},"size":32.95232391357422,"orthographic":false}