{"cameraMode":{"drawMode":0,"name":"Shaded","section":"Shading Mode"},"sceneLighting":false,"audioPlay":false,"sceneViewState":{"showFog":true,"showMaterialUpdate":false,"showSkybox":false,"showFlares":true,"showImageEffects":true,"showParticleSystems":true},"in2DMode":false,"pivot":{"x":0.0,"y":1.4900000095367432,"z":21.579999923706056},"rotation":{"x":-0.25160327553749087,"y":-0.13247856497764588,"z":0.0347924642264843,"w":-0.9580944180488586},"size":1.5445868968963624,"orthographic":false}